word,frequency
learn,479
trading,302
beginners,279
how,253
course,229
web,198
from,193
design,193
guitar,187
complete,177
piano,176
photoshop,169
build,168
your,168
forex,166
create,151
play,149
javascript,139
wordpress,136
financial,130
guide,122
website,122
beginner,118
development,107
accounting,106
basics,106
html,101
adobe,100
2,100
php,100
scratch,99
de,98
illustrator,95
using,94
1,90
options,88
master,87
introduction,84
easy,83
css,82
professional,81
analysis,74
advanced,72
trade,71
level,70
4,65
an,64
harmonica,64
stock,64
building,62
business,60
bootstrap,60
html5,60
angular,58
lessons,58
stocks,57
3,57
logo,56
make,56
jquery,55
projects,55
market,52
cc,52
investing,52
websites,51
pro,50
instant,50
start,49
essentials,49
developer,48
mastering,47
you,46
step,45
aprende,44
5,43
finance,43
simple,42
app,42
tutorial,41
made,41
own,40
2017,40
para,39
blues,39
ultimate,39
become,39
101,37
fundamentals,37
en,36
basic,36
apps,36
cfa,36
strategy,34
graphic,34
training,34
no,34
learning,34
10,33
management,33
coding,33
responsive,33
css3,33
like,33
rails,32
technical,32
part,32
system,31
tocar,30
framework,30
curso,30
js,29
fun,29
code,29
expert,29
programming,29
la,29
react,29
laravel,29
day,28
fast,28
angularjs,28
ruby,28
excel,28
bitcoin,28
techniques,28
crash,28
python,27
intermediate,27
now,27
way,27
online,26
hour,26
30,26
bookkeeping,26
minutes,26
chords,26
get,25
steps,25
y,25
creating,25
modern,24
bootcamp,24
project,24
i,24
practical,24
playing,23
drawing,23
real,23
theme,23
music,23
capital,23
modeling,23
essential,23
el,23
know,22
8,22
investment,22
spring,22
theory,22
strategies,22
developers,22
started,21
nodejs,21
all,21
patterns,21
masterclass,21
ajax,20
quick,20
today,20
digital,20
statements,20
trader,20
first,20
robot,20
it,20
mysql,20
art,20
skills,20
application,20
hours,20
7,19
profit,19
ear,19
con,19
free,19
binary,19
mvc,19
page,18
draw,18
canva,18
invest,18
tax,18
aspnet,18
up,18
vol,17
intro,17
indesign,17
rock,17
guitarra,17
ca,17
credit,17
getting,16
absolute,16
futures,16
django,16
willie,16
powerpoint,16
drum,16
exams,16
series,16
chord,15
more,15
tips,15
ecommerce,15
class,15
songs,15
blog,15
2016,15
without,15
success,15
jazz,15
option,15
valuation,15
comprehensive,15
tools,15
designer,15
model,15
full,14
12,14
most,14
successful,14
stack,14
example,14
study,14
6,14
understand,14
do,14
graphics,14
love,14
api,14
statement,14
time,14
rhythm,14
concepts,14
core,14
new,14
world,14
json,14
scales,13
site,13
equity,13
ebook,13
action,13
instruction,13
studies,13
flat,13
live,13
top,13
markets,13
fund,13
portfolio,13
social,13
that,13
amazing,13
classical,13
key,13
mastery,13
security,13
one,13
value,13
typescript,13
traders,12
flute,12
2014,12
del,12
quickly,12
amazon,12
understanding,12
read,12
examples,12
days,12
facebook,12
applications,12
cost,12
vector,12
20,12
banking,12
como,12
under,12
corporate,12
beautiful,12
advance,11
trumpet,11
google,11
awesome,11
price,11
technique,11
animation,11
profits,11
designs,11
after,11
mit,11
xml,11
tricks,11
server,11
any,11
aws,11
typography,11
secrets,11
acoustic,11
zero,11
experience,11
bass,11
corel,11
apis,11
plugins,11
big,11
three,11
power,11
sass,11
3d,11
runs,11
mobile,11
use,11
stepbystep,10
best,10
hosting,10
covers,10
images,10
high,10
cover,10
dynamic,10
illustration,10
15,10
income,10
or,10
photo,10
less,10
plugin,10
cs,10
video,10
right,10
better,10
solos,10
fundamental,10
hand,10
pieces,10
violin,10
mongodb,10
life,10
java,10
book,10
hedge,10
street,9
penny,9
popular,9
easily,9
as,9
need,9
song,9
c,9
card,9
saxophone,9
e,9
economics,9
candlestick,9
single,9
work,9
reactjs,9
cms,9
sell,9
drupal,9
sketch,9
improvise,9
foundation,9
pattern,9
account,9
cpa,9
principiantes,9
earn,9
profitable,9
com,9
unique,9
perform,9
double,9
two,9
designing,9
logos,9
ukulele,9
game,9
career,9
dont,9
es6,9
creative,8
network,8
wave,8
data,8
principles,8
personal,8
if,8
chart,8
media,8
into,8
services,8
style,8
interactive,8
image,8
bank,8
dom,8
animated,8
christmas,8
icon,8
can,8
simplified,8
hands,8
method,8
program,8
wall,8
text,8
risk,8
uk,8
básico,8
registration,8
gimp,8
object,8
accounts,8
about,8
clarinet,8
diseño,8
entrepreneurs,8
strumming,8
redux,8
vue,8
making,8
foundations,8
bluegrass,8
bankers,8
custom,8
small,8
completo,8
tunes,8
ui,8
trades,8
al,8
hero,7
microsoft,7
lesson,7
functions,7
where,7
plan,7
cómo,7
coordination,7
codeigniter,7
must,7
money,7
le,7
very,7
crud,7
login,7
retirement,7
flask,7
included,7
form,7
docker,7
trombone,7
horn,7
workflow,7
webisodes,7
euphonium,7
bolsa,7
cero,7
manipulation,7
books,7
win,7
aprenda,7
cs6,7
swing,7
people,7
professionals,7
boot,7
develop,7
themes,7
practice,7
contabilidad,7
powerful,7
naked,7
great,7
joomla,7
set,7
front,7
features,7
super,7
returns,7
un,7
los,7
2015,7
investors,7
consistent,7
inkscape,7
landing,7
painting,7
at,6
r,6
youre,6
ratio,6
five,6
production,6
securities,6
notes,6
debt,6
oriented,6
than,6
language,6
map,6
end,6
successfully,6
effect,6
em,6
discover,6
gráfico,6
lite,6
urdu,6
install,6
oboe,6
take,6
kids,6
quantitative,6
25,6
fx,6
ias,6
drums,6
canvas,6
succeed,6
twitter,6
proven,6
du,6
fingerpicking,6
irish,6
non,6
even,6
z,6
lettering,6
college,6
selling,6
funds,6
investor,6
lernen,6
everyone,6
character,6
classic,6
bassoon,6
write,6
is,6
sap,6
handson,6
budgeting,6
effective,6
desde,6
drumming,6
approach,6
rest,6
bundle,6
electric,6
ethereum,6
fingerstyle,6
doing,6
animations,6
etf,6
chrome,6
what,6
keyboard,6
wealth,6
teclado,6
investments,6
crowdfunding,6
academy,6
14,6
user,6
beginning,5
startups,5
four,5
try,5
modelling,5
robots,5
basel,5
interest,5
faster,5
designers,5
via,5
finish,5
studio,5
mean,5
introductory,5
fretboard,5
2d,5
everything,5
tune,5
overview,5
bonds,5
going,5
speed,5
fibonacci,5
improve,5
sites,5
ninja,5
elliott,5
short,5
manager,5
incredible,5
manage,5
picking,5
path,5
devops,5
planning,5
practicing,5
indian,5
grow,5
go,5
tuba,5
paint,5
tu,5
pricing,5
elements,5
portrait,5
be,5
busy,5
mql4,5
news,5
beyond,5
oop,5
flow,5
over,5
vuejs,5
voli,5
slides,5
introducción,5
seo,5
pentatonic,5
covered,5
psd,5
taxes,5
trend,5
email,5
vs,5
express,5
node,5
certificate,5
coaching,5
bar,5
software,5
frontend,5
its,5
acordeón,5
service,5
french,5
quickbooks,5
hacks,5
realworld,5
analyst,5
winning,5
quickstart,5
startup,5
find,5
aprendiendo,5
asp,5
smart,5
coach,5
running,5
automate,5
specialist,5
analysts,5
net,5
solo,5
reporting,5
effects,5
restful,5
stunning,5
creation,5
algo,5
working,5
secure,5
mindset,4
breakout,4
blueprint,4
fills,4
tutorials,4
next,4
manga,4
color,4
freelance,4
meteor,4
exercises,4
magento,4
cartoon,4
psychology,4
systems,4
artwork,4
piezas,4
90,4
rsi,4
instruments,4
economic,4
13,4
expressjs,4
black,4
asset,4
metatrader4,4
clients,4
jazzy,4
easier,4
sql,4
common,4
fall,4
required,4
icons,4
typographic,4
blender,4
store,4
banners,4
affinity,4
didgeridoo,4
consistently,4
experto,4
jekyll,4
ease,4
chat,4
budget,4
finanzas,4
avec,4
etfs,4
this,4
boogie,4
pros,4
cma,4
gif,4
every,4
mutual,4
kindle,4
payment,4
performance,4
builder,4
tshirt,4
workshop,4
major,4
library,4
models,4
escalas,4
dinero,4
call,4
modes,4
launch,4
symfony,4
setup,4
cool,4
balance,4
sheet,4
investir,4
ground,4
sin,4
11,4
arpeggios,4
return,4
iniciantes,4
companies,4
mql5,4
wie,4
entry,4
ejercicios,4
pages,4
forma,4
s3,4
educators,4
living,4
x7,4
reading,4
objects,4
numbers,4
add,4
explained,4
stripe,4
clone,4
not,4
banjo,4
greeting,4
wanted,4
fixed,4
authentication,4
currency,4
processing,4
nonfinance,4
job,4
track,4
file,4
caged,4
levels,4
starter,4
ios,4
arabic,4
motion,4
volatility,4
passive,4
modal,4
40,4
friends,4
dcf,4
divi,4
gulp,4
chromatic,4
concept,4
version,4
spread,4
autumn,4
ballad,4
analyze,4
improvisation,4
volume,4
leaves,4
licks,4
low,4
pay,4
avoid,4
local,4
rookies,4
hindi,4
editing,4
word,4
9,4
will,4
dan,3
creando,3
have,3
gis,3
ações,3
revenue,3
cash,3
figure,3
challenge,3
migration,3
fundamentos,3
beat,3
microstation,3
layout,3
charting,3
probability,3
az,3
preparation,3
static,3
pure,3
rules,3
case,3
50,3
commodity,3
efectos,3
solid,3
enterprise,3
offer,3
dev,3
future,3
serverless,3
redis,3
ready,3
background,3
per,3
funding,3
sketching,3
groovy,3
animals,3
googles,3
some,3
whats,3
bond,3
carnatic,3
search,3
engine,3
n,3
little,3
literacy,3
desktop,3
templates,3
paid,3
collection,3
hobby,3
scraping,3
dividend,3
layouts,3
certification,3
8020,3
grace,3
needed,3
yesterday,3
hacer,3
majestic,3
metatrader,3
package,3
country,3
novice,3
beats,3
macro,3
star,3
standards,3
realistic,3
pencil,3
cashflow,3
businesses,3
harp,3
revealed,3
cycle,3
bytesizedchunks,3
ein,3
tactics,3
statistics,3
demystified,3
x8,3
tonight,3
lion,3
rate,3
perspective,3
company,3
ratios,3
secret,3
à,3
flash,3
estate,3
o,3
thousands,3
cant,3
volii,3
blocks,3
creación,3
when,3
invertir,3
owners,3
sound,3
killer,3
back,3
bending,3
public,3
control,3
deploy,3
dreamy,3
white,3
w,3
weekly,3
inside,3
誰でもわかる,3
assets,3
mercado,3
developing,3
pick,3
jump,3
fix,3
blockchain,3
avançado,3
tenor,3
ganar,3
reactive,3
template,3
cs5,3
progressions,3
slide,3
reference,3
mt4,3
month,3
rich,3
finanzielle,3
rainbow,3
roi,3
eléctrica,3
lets,3
structure,3
writing,3
2012,3
um,3
estrategias,3
derivatives,3
controls,3
botones,3
changes,3
scale,3
convert,3
types,3
automated,3
rolling,3
dive,3
forms,3
zend,3
flux,3
architecture,3
photos,3
loss,3
eb,3
raise,3
vps,3
diy,3
save,3
let,3
ten,3
files,3
visual,3
ways,3
algorithmic,3
run,3
merch,3
wcf,3
methods,3
we,3
bells,3
before,3
tocando,3
prep,3
http,3
crystal,3
keyboards,3
castañuelas,3
charts,3
blowing,3
maps,3
membership,3
circles,3
tech,3
finding,3
violão,3
spielen,3
60,3
geld,3
secretos,3
bird,3
paypal,3
realtime,3
für,3
unix,3
djembe,3
bajo,3
tabla,3
ideas,3
accelerated,3
awk,3
school,3
die,3
indicators,3
moving,3
ignou,3
hip,3
abc,3
cloud,3
こどもギターレッスン,3
testing,3
venture,3
sales,3
ritmos,3
musicians,3
highfrequency,3
hop,3
soloing,3
comic,3
magic,3
multiple,3
costing,3
financeira,3
courses,3
seu,2
fair,2
freelancing,2
16,2
transactions,2
visualizations,2
acca,2
customization,2
massive,2
leaps,2
six,2
woocommerce,2
line,2
sector,2
vim,2
swift,2
emberjs,2
fundraising,2
npm,2
true,2
grep,2
apply,2
ebay,2
mein,2
xero,2
expressions,2
joy,2
ode,2
universal,2
perfect,2
seasonal,2
different,2
truths,2
index,2
direction,2
material,2
webpack,2
oauth,2
linux,2
insider,2
d3,2
deudas,2
menos,2
días,2
eu,2
biz,2
kali,2
mining,2
regular,2
proposal,2
scarborough,2
print,2
malone,2
transition,2
results,2
schönstes,2
looking,2
geolocation,2
home,2
gitarre,2
sells,2
infographic,2
molly,2
land,2
mba,2
shapes,2
benefits,2
competitive,2
worship,2
pen,2
wars,2
shuffle,2
during,2
iniciante,2
golang,2
técnica,2
nivel,2
awesomeness,2
scam,2
infographics,2
environment,2
letterhead,2
swag,2
review,2
managerial,2
sevillanas,2
transfer,2
toque,2
materials,2
kubernetes,2
engineer,2
compositions,2
sign,2
multi,2
calls,2
workarounds,2
blogs,2
rockabilly,2
same,2
paradigm,2
effectively,2
frameworks,2
52,2
put,2
lead,2
binarias,2
das,2
cajon,2
contact,2
whiskey,2
jar,2
werden,2
customize,2
millionär,2
للمبتدئين,2
buy,2
vectors,2
confidence,2
dylans,2
wind,2
bodhran,2
rating,2
başlangıç,2
position,2
alexa,2
fiddle,2
ipo,2
craft,2
car,2
fortune,2
500,2
sing,2
crush,2
pullback,2
eğitimi,2
part1,2
fantastic,2
everyday,2
share,2
gemacht,2
flexbox,2
album,2
leicht,2
scalable,2
interfaces,2
analog,2
grundlagen,2
darbuka,2
hedging,2
exploring,2
their,2
ichimoku,2
emini,2
directional,2
plus,2
acquisitions,2
bring,2
comment,2
financing,2
worlds,2
global,2
02,2
hmrc,2
note,2
brief,2
gold,2
торговля,2
analytics,2
harmony,2
identity,2
unlimited,2
calligraphy,2
strong,2
banner,2
actions,2
chatbot,2
messenger,2
chatbots,2
riot,2
passing,2
git,2
guitarists,2
integrated,2
space,2
cinema,2
4d,2
optimizing,2
01,2
banks,2
der,2
send,2
arpegios,2
modo,2
institute,2
accuracy,2
jingle,2
welcome,2
amazons,2
mysqli,2
useful,2
l1,2
integration,2
why,2
rapid,2
scenario,2
journey,2
open,2
weather,2
mistakes,2
ecmascript,2
bootstrap3,2
history,2
svg,2
hits,2
productivity,2
poster,2
lectura,2
clásicas,2
ferramentas,2
jacques,2
stotzem,2
investimento,2
verification,2
gbpusd,2
oud,2
kleinen,2
cart,2
paso,2
camp,2
des,2
trends,2
poly,2
apprendre,2
promotional,2
coloring,2
io,2
cards,2
socket,2
things,2
santa,2
unleash,2
bdd,2
rspec,2
capybara,2
kesh,2
utilizar,2
por,2
neo4j,2
summertime,2
accountant,2
sleeps,2
ea,2
crear,2
linear,2
difficult,2
eurgbp,2
teaching,2
walking,2
audio,2
und,2
spreads,2
calendar,2
beauty,2
singersongwriters,2
tapping,2
achieve,2
freedom,2
growth,2
populares,2
self,2
fully,2
loan,2
script,2
vol1,2
técnicos,2
pianist,2
corso,2
xquery,2
xslt,2
primer,2
dtd,2
activation,2
graphql,2
formula,2
assessment,2
king,2
etsy,2
htmlcss,2
instrument,2
downloader,2
total,2
shopping,2
drunken,2
sailor,2
skye,2
boat,2
old,2
popeye,2
ao,2
homestead,2
wordmark,2
handed,2
me,2
inversión,2
my,2
rockstar,2
mike,2
gs,2
whole,2
tone,2
detailed,2
cascading,2
flamenco,2
fastest,2
help,2
maintain,2
properly,2
fonts,2
lutz,2
bossa,2
alternative,2
accountancy,2
installation,2
música,2
ii,2
practically,2
beethovens,2
bot,2
800,2
week,2
structuring,2
introdução,2
logic,2
edition,2
allinone,2
pop,2
indepth,2
warren,2
buffett,2
road,2
products,2
swaps,2
yeni,2
extensions,2
percussion,2
limited,2
improved,2
girl,2
paper,2
35,2
characters,2
out,2
exam,2
deferred,2
soundtracks,2
just,2
bars,2
immersion,2
internal,2
elite,2
filing,2
should,2
implementation,2
financiera,2
give,2
electron,2
ms,2
crypto,2
bestseller,2
deep,2
que,2
wallet,2
only,2
hot,2
signals,2
tasks,2
golden,2
es,2
along,2
papas,2
basado,2
finances,2
nova,2
painter,2
based,2
amortization,2
alerts,2
precision,2
b,2
gallery,2
flauta,2
premium,2
futurescommodity,2
jumpstart,2
x,2
krita,2
wahlin,2
circular,2
las,2
presentation,2
hasta,2
novatos,2
tape,2
average,2
reports,2
una,2
di,2
condor,2
gains,2
0,2
publish,2
crea,2
million,2
opciones,2
cryptocurrency,2
broker,2
definitive,2
profissional,2
enjoy,2
g,2
rated,2
keys,2
max,2
circle,2
vol2,2
3ds,2
mortgage,2
devtools,2
computer,2
film,2
auditing,2
ifrs,2
jews,2
necessary,2
sax,2
sounds,2
appraisal,2
surface,2
backbonejs,2
complicaciones,2
pas,2
newbie,2
fan,2
negocios,2
forecasting,2
android,2
als,2
latinos,2
process,2
tool,2
github,2
emmet,2
depreciation,2
formação,2
eficaz,2
depth,2
bach,2
hacking,2
operations,2
butterfly,2
acústica,2
marketing,2
barre,2
copy,2
certified,2
usa,2
riffs,2
weekend,2
mixed,2
sur,2
presentations,2
watch,2
virtual,2
batería,2
salsa,2
repair,2
photographers,2
date,2
selectors,2
events,2
season,2
48,2
accountants,2
knowledge,2
always,2
todo,2
harpsoul,2
grunt,2
guitarist,2
fusão,2
criar,2
الفوركس,2
todos,2
south,2
rítmica,2
calculator,2
blogger,2
accelerator,2
oído,2
reality,2
kickstarter,2
diferentes,2
autocad,2
elemental,2
cheap,2
deployment,2
reconciliation,2
annuities,2
bouzouki,2
look,2
protect,2
legal,2
dashboard,2
min,2
práctico,2
long,2
heroku,2
gst,2
magazine,2
client,2
procedures,2
becoming,2
through,2
basi,2
ma,2
recipe,2
guides,2
personales,2
amaze,2
prior,2
turn,2
gorgeous,2
matters,2
restore,2
94,2
falling,2
backup,2
converting,2
passo,2
análisis,2
sam,2
solace,1
guitarristas,1
modules,1
fusões,1
further,1
brochures,1
sauce,1
farming,1
sambachoro,1
components,1
gradients,1
adsense,1
pentatónicas,1
دورة,1
localhost,1
pandeiro,1
quiet,1
contrabaixo,1
onlinea,1
لبرنامج,1
reactrouter,1
legislation,1
revelando,1
fixa,1
renda,1
sunset,1
investimentos,1
sobre,1
pele,1
atmospheric,1
os,1
soon,1
ccr,1
إلستريتور,1
reveals,1
شامل,1
voxel,1
pedais,1
pastel,1
tudo,1
coming,1
rápida,1
efeito,1
protrader,1
session,1
variety,1
segredos,1
tratamento,1
soft,1
虎の巻証券取引の税金のお悩み解消,1
premiere,1
ethical,1
straddles,1
portalfin,1
reactivex,1
forextrade,1
backtesting,1
onlinenocturnal,1
platform,1
exploit,1
earnings,1
demonstration,1
previously,1
hype,1
criando,1
foto,1
colagem,1
important,1
innovators,1
innovation,1
travel,1
tumult,1
tracking,1
zoho,1
gestion,1
financière,1
rund,1
alles,1
dentreprise,1
entries,1
zombie,1
casos,1
channels,1
リトルギタリストⅲ完結編,1
straddle,1
bots,1
insecure,1
caribbean,1
reach,1
goals,1
illustrative,1
advantages,1
ch2,1
tiny,1
appml,1
firebase,1
xsd,1
mockups,1
deine,1
diventa,1
verkaufe,1
autor,1
graphicriver,1
xpath,1
professionista,1
20162017,1
aframe,1
decentralised,1
webvr,1
apocalypse,1
toptrader,1
virtualbox,1
browser,1
test,1
في,1
مدخل,1
native,1
boundaries,1
international,1
menor,1
triunfar,1
valores,1
requiere,1
experiencia,1
handmade,1
thrones,1
dogs,1
playdoh,1
extreme,1
feel,1
w3css,1
ladder,1
impreso,1
preimpresión,1
offset,1
webservices,1
iron,1
onepage,1
technologies,1
poprock,1
reales,1
أساسيات,1
الفوطوشوب,1
فقط,1
schritte,1
cross,1
unabhängigkeit2,1
favorite,1
tickets,1
vouchers,1
immobilien,1
maquetas,1
xd,1
superb,1
unabhängigkeit3,1
zur,1
loreena,1
mckennitt,1
title,1
erste,1
unabhängigkeit1,1
songsquicklessons,1
wistia,1
contabilità,1
generale,1
elasticsearch,1
mailchimp,1
udemy,1
shot,1
composite,1
widgets,1
jerry,1
v1,1
composição,1
audits,1
fraud,1
株式投資に向く性格に変えるための心理学を学ぶ,1
buchführung,1
latest,1
updates,1
board,1
sending,1
lanalyse,1
株式投資に必要なスキルの学習手順を学ぶ,1
seviyeye,1
ileri,1
temelden,1
volumes,1
ultimatedesign,1
executing,1
pentru,1
sweet,1
child,1
mine,1
sucesso,1
additions,1
kostenrechnung,1
hoy,1
variations,1
futuro,1
acctg,1
ethics,1
ship,1
audit,1
companys,1
chief,1
multiply,1
directionindepend,1
株式投資で本当のファンダメンタル分析ができるようになる,1
onlineambiance,1
imagem,1
size,1
lot,1
calculate,1
baraq,1
874284weekly,1
publicidade,1
hours20150723t000833z,1
levels45,1
investinghttpswwwudemycommultiplyyourreturnsusingvalueinvestingtrue2019421963all,1
careers,1
practices,1
litecoin,1
vikings,1
anatomy,1
massa,1
na,1
mão,1
cloudfront,1
upload,1
scratchbecome,1
sms,1
messages,1
receive,1
cycles,1
officer,1
aula,1
tom,1
health,1
result,1
safe,1
shares,1
eth,1
request,1
arrays,1
1872,1
isnt,1
act,1
imagine,1
contract,1
birthday,1
abrsm,1
aka,1
wing,1
bridge,1
grade,1
iii,1
handel,1
crashing,1
coders,1
document,1
think,1
so,1
alternate,1
onlinekeys,1
sonatina,1
negotiation,1
btc,1
broken,1
saas,1
wonderful,1
simples,1
recortar,1
imagens,1
balanced,1
financeiro,1
cálculo,1
scorecard,1
puzzles,1
spark,1
multiples,1
pós,1
ether,1
hello,1
adeles,1
個人事業主向け青色申告の記帳を自力で行うための複式簿記の基本,1
pi101,1
gifts,1
produção,1
science,1
graphicdesign,1
1a,1
pitching,1
themeforest,1
mundo,1
aplicadas,1
competency,1
keep,1
markest,1
comics,1
clip,1
manipulação,1
role,1
strings,1
parse,1
dash,1
fireworks,1
oboist,1
lamp,1
garden,1
sour,1
deutsch,1
flatting,1
assistant,1
workshops,1
fico,1
bubble,1
bassline,1
mode,1
swarm,1
112,1
newest,1
visualizing,1
morphing,1
beyer,1
caricatures,1
altcoins,1
decoded,1
consume,1
suonare,1
61,1
reliably,1
gods,1
consolidated,1
faces,1
angry,1
recipies,1
completely,1
vintage,1
signal,1
pin,1
knitting,1
them,1
exotic,1
superpowers,1
100,1
bookcover,1
criação,1
pretty,1
gartley,1
texture,1
peças,1
gráficas,1
wp,1
concise,1
medium,1
enterprises,1
buying,1
display,1
height,1
leafletjs,1
learns,1
sara,1
chitarra,1
learners,1
retail,1
análise,1
extend,1
reversal,1
interaction,1
chroma,1
tutti,1
enhance,1
carousel,1
株式投資で本当のテクニカル分析ができるようになる,1
apiai,1
route,1
crédito,1
concessão,1
close,1
courseinvestment,1
bunch,1
roulette,1
defeating,1
chance,1
geometry,1
datetime,1
quem,1
bowing,1
quer,1
trabalhar,1
slap,1
カードゲームでカンタンに理解する経済とお金のキホン,1
fingertips,1
info,1
beaver,1
xstream,1
projection,1
eon,1
architectural,1
mitigation,1
vulnerabilities,1
riotjs,1
hapijs,1
creatives,1
greeks,1
bi,1
画像加工の初心者でも１日で初歩を覚えられる無料講座,1
rf,1
crossplatform,1
metaboxes,1
telecom,1
taxonomies,1
traditionalstyle,1
post,1
topics,1
managing,1
grant,1
20153,1
element,1
資産運用の基礎を学ぶファイナンス入門,1
123d,1
modelagem,1
rápido,1
budgets,1
fácil,1
onlinein,1
xv,1
pirates,1
bb,1
faker,1
seeding,1
调色高级讲解,1
database,1
actuator,1
greensleeves,1
调色中级课程,1
les,1
figures,1
harmoniques,1
terrazzo,1
tiles,1
illustrati,1
evolution,1
term,1
stencil,1
mouse,1
scandinavian,1
regulation,1
blitz,1
averages,1
cinemagraphs,1
various,1
livestream,1
travis,1
quantopian,1
gap,1
workflows,1
rxjs,1
自分に合った投資信託を見つけよう,1
53,1
domination,1
pedal,1
iglesias,1
3tier,1
angularjswebapi2efcodefirst,1
mins,1
sabina,1
styling,1
patamar,1
konten,1
novo,1
duplo,1
kennen,1
musst,1
eğitim,1
sua,1
leads,1
seti,1
leve,1
previous,1
wzorków,1
tworzenie,1
topic,1
advertising,1
rockstarter,1
stylize,1
overlays,1
squared,1
scarcity,1
band,1
prático,1
deliverable,1
hustler,1
solidworks,1
الدائرية,1
القوالب,1
تصميم,1
possible,1
complex,1
triangulated,1
origami,1
qgis,1
claus,1
styled,1
produzir,1
livros,1
precificação,1
calculando,1
yourself,1
valor,1
venda,1
transformation,1
baseado,1
nos,1
custos,1
cheater,1
neet,1
すぐに覚えるasalatoアサラト打楽器初心者向け入門講座,1
syne,1
lang,1
auld,1
weapon,1
indicatora,1
pools,1
dark,1
textures,1
sostenibles,1
ux,1
brand,1
eyecatching,1
energiesparformel,1
mehr,1
durch,1
colors,1
wasser,1
sparen,1
couleurs,1
zuhause,1
interiores,1
facile,1
guitare,1
بالفيغاس,1
punix,1
reportsmasterdetailcrosstabsubreports,1
courselearn,1
higly,1
الفوتوشوبphotoshop,1
لتعلم,1
الأولى,1
خطوتك,1
salary,1
pentatônica,1
explosão,1
texturing,1
vegas,1
javaspringhibernate,1
patricio,1
relevant,1
assetbacked,1
crie,1
cartão,1
visita,1
coreldraw,1
aptitude,1
almost,1
lucrative,1
teetertotter,1
versões,1
depletion,1
remove,1
anyone,1
practicals,1
retrocesos,1
dissecting,1
000005,1
ganhe,1
만들기,1
콘텐츠,1
utiliser,1
thème,1
fable,1
marché,1
sns,1
complet,1
캔바canva로,1
dropzonejs,1
slick,1
passively,1
72,1
examinations,1
mergers,1
sails,1
routing,1
abstract,1
doodle,1
improv,1
popup,1
support,1
scottish,1
seamless,1
compositing,1
flying,1
dialog,1
childrens,1
exit,1
koa,1
poor,1
say,1
called,1
former,1
cats,1
solution,1
firm,1
pigs,1
jfilt,1
timeframe,1
beveled,1
lab,1
needs,1
man,1
technology,1
professionally,1
really,1
jamz,1
ecover,1
fantasy,1
poldark,1
tv,1
pianoquicklessons,1
会声会影深度教学,1
dinheiro,1
monitoring,1
anthem,1
danny,1
boy,1
sharing,1
diagonal,1
１日でマスター今日からはじめる資産形成,1
stage,1
jammin,1
pivot,1
points,1
画像加工の初心者だとしても１週間でホームページのトップ画像を製作できるようになる画像製作講座,1
silhouettes,1
ngrx,1
growing,1
sublime,1
infodesign,1
incubator,1
javaspringmysql,1
latex,1
details,1
washerwoman,1
songwriting,1
kitura,1
cut,1
errors,1
bluemix,1
erp,1
tally,1
bankruptcy,1
harassing,1
creditors,1
transformar,1
imágenes,1
warning,1
encrypt,1
stop,1
ez,1
coordinate,1
oanda,1
p1,1
p2,1
explore,1
sed,1
masterclassjapanese,1
booster,1
implement,1
pimcore,1
heiken,1
ashi,1
et,1
bull,1
whiteboard,1
commerce,1
nontech,1
detalhada,1
substitution,1
cinemagraph,1
estruturação,1
countertrend,1
roots,1
comparison,1
brothers,1
allman,1
acordes,1
partituras,1
الإكتوارية,1
للمهنة,1
الأساسية,1
والمبادئ,1
العلوم,1
managed,1
collages,1
private,1
funktionieren,1
einführungskurs,1
finanzwissen,1
zu,1
besserem,1
phoenix,1
unternehmertum,1
lotto,1
elixir,1
stone,1
17,1
boost,1
enchanted,1
evening,1
passwordless,1
special,1
too,1
impact,1
vuex,1
gestalt,1
festive,1
router,1
incl,1
sintetizadores,1
to10,1
síntese,1
subtrativa,1
equities,1
scholes,1
misty,1
tender,1
commands,1
wz,1
handwriting,1
were,1
bruder,1
jakob,1
psicología,1
configuration,1
spirit,1
akka,1
annotation,1
microservices,1
mastercourse,1
engulfing,1
gypsy,1
emails,1
tritone,1
جميع,1
lifethink,1
مراحل,1
numeracy,1
thoughtful,1
algotech,1
احتراف,1
partfull,1
تداول,1
vr,1
pack,1
vxx,1
excelを使ってビジネスシミュレーション基礎編,1
bateria,1
explorando,1
divisões,1
contango,1
walter,1
fiverr,1
algolia,1
semiautomatic,1
functional,1
mandalas,1
halftones,1
dot,1
reliable,1
contemporary,1
snow,1
uma,1
لتعليم,1
كورس,1
deal,1
eventos,1
elm,1
composer,1
shortening,1
url,1
110,1
century,1
formation,1
xxi,1
letterers,1
fiestas,1
automatização,1
decoración,1
aram,1
organización,1
hd,1
mes,1
exprés,1
ukelele,1
tin,1
beginnerintermediate,1
whistle,1
hmtl5,1
town,1
dirty,1
hp12c,1
matemática,1
micro,1
autocomplete,1
learned,1
bear,1
adults,1
dominate,1
rahman,1
copytrading,1
checklist,1
deinen,1
signalgeberin,1
roman,1
setzen,1
erfolgreich,1
pageplus,1
probuild,1
shaped,1
masks,1
clipping,1
einfachen,1
friendalgotrend,1
schritten,1
silhouette,1
mandala,1
our,1
183pa,1
consolidation,1
الدروس,1
财务分析与估值建模入门,1
التعليمية,1
لسوق,1
across,1
والأسواق,1
المالية,1
الأخرى,1
maximize,1
analyzing,1
dir,1
saroo,1
mail,1
critical,1
inventory,1
investmentnon,1
feasibility,1
automatiza,1
evaluation,1
consultants,1
invitaciones,1
الشاملة,1
bloc,1
الدورة,1
notas,1
fifths,1
auch,1
previews,1
mental,1
ssn,1
linked,1
thats,1
correlation,1
night,1
silent,1
超基礎超入門作りながら学ぶ完全無料3dcgソフトblender,1
aufbaust,1
vermögen,1
soundtrack,1
beträgen,1
unbound,1
supreme,1
バイナリーオプション取引,1
sentiment,1
preset,1
brush,1
branding,1
buttons,1
rogue,1
daily,1
bd,1
lerning,1
languages,1
sailsjs,1
backend,1
54,1
viola,1
cryptocurrencies,1
rescue,1
nontechnical,1
batch,1
leigos,1
export,1
débuter,1
frameworklearn,1
f,1
routine,1
instructional,1
correlazione,1
strategia,1
phalcon,1
riskreward,1
laffiche,1
late,1
tesouro,1
découvrez,1
harmonic,1
direto,1
5creating,1
codeignitercrud,1
2creating,1
111creating,1
nonsense,1
illustrated,1
symbol,1
fullstack,1
cakephpcreating,1
dance,1
heure,1
инженерию,1
savers,1
финансовую,1
в,1
введение,1
publication,1
preços,1
sciences,1
serviços,1
profession,1
actuarial,1
dessiner,1
hallelujah,1
cohens,1
leonard,1
arts,1
departments,1
eco,1
maintenance,1
festgeschrieben,1
codeless,1
muse,1
optimise,1
require,1
care,1
gear,1
zinsen,1
diseñar,1
command,1
senior,1
wages,1
66,1
absolutely,1
gesetzl,1
lienshohe,1
4a,1
criterion,1
intradiario,1
precio,1
volumen,1
contractors,1
yearend,1
kelly,1
larry,1
investiere,1
williams,1
directives,1
fundraise,1
layers,1
200,1
html5css3,1
owner,1
house,1
fi,1
federal,1
databases,1
70462,1
marginal,1
improvisación,1
reduce,1
unpaid,1
thru,1
bones,1
irs,1
compromise,1
law,1
bitesize,1
simulation,1
type,1
administering,1
following,1
24hrs,1
microblog,1
kick,1
greek,1
coursebuild,1
complimentary,1
howto,1
upgrades,1
clothes,1
change,1
seed,1
70461,1
querying,1
parts,1
weird,1
testdriven,1
5ths,1
wishlist,1
iconos,1
88,1
onestop,1
animate,1
gamer,1
dependency,1
injection,1
programmingcoding,1
good,1
drive,1
productive,1
graph,1
drop,1
drag,1
optimizepress,1
partswrite,1
coffeescript,1
objectoriented,1
picture,1
cars,1
apple,1
tipografía,1
viral,1
superstars,1
seeing,1
alt,1
intensive,1
nadex,1
logrando,1
libertad,1
001,1
compounding,1
efficiency,1
killing,1
divergence,1
forum,1
lyft,1
398746piano,1
97,1
dollar,1
idea,1
unfund,1
uber,1
drivers,1
buddypress,1
ile,1
fotoğraf,1
işlemenin,1
temelleri,1
สอนเทรดไบนาร,1
ออฟชนอยางงาย,1
mins20140127t205816z,1
level43,1
minorhttpswwwudemycomstudyinbminortrue115140359intermediate,1
sors,1
fernando,1
bonus,1
rapidly,1
visitors,1
redirect,1
percussive,1
india,1
comunitaria,1
proposta,1
costruzione,1
explosive,1
immediate,1
marvelous,1
outlines,1
member,1
eyes,1
taught,1
legendary,1
conoce,1
lenguaje,1
finalize,1
huge,1
beginnersreal,1
superinvestors,1
ball,1
volume2,1
matlab,1
wfatoolbox,1
gui,1
spoon,1
billionaire,1
foresee,1
kitten,1
compare,1
publicar,1
backgrounds,1
20132016365,1
volume1,1
colorful,1
goose,1
plantillas,1
mercadolibre,1
mundharmonika,1
ilustración,1
flowchart,1
watercolors,1
engineering,1
web2py,1
brass,1
principle,1
tuning,1
clipart,1
ms04,1
women,1
createmanage,1
squarespace,1
2hour,1
leasing,1
managerspaper,1
sense,1
見てわかるやさしく独習アコギ入門編taka先生のアコースティックギターレッスンⅰ,1
outsourcing,1
predict,1
corporation,1
materialize,1
lectures,1
ios9,1
recording,1
fa1,1
59,1
apex,1
score,1
community,1
nicherelated,1
bottom,1
triple,1
ember,1
anime,1
jam,1
elearning,1
lms,1
determining,1
facebookig,1
used,1
removing,1
abcs,1
overheads,1
thing,1
oracle,1
weblogic,1
administrators,1
managers,1
streaming,1
chugging,1
aint,1
wpfaster,1
got,1
45,1
labour,1
visualize,1
marketers,1
alman,1
optimization,1
sketches,1
fundamentalslearn,1
editorial,1
optimize,1
decisions,1
source,1
friendly,1
axure,1
rp,1
blogging,1
acdc,1
einnahmen,1
aus,1
udemykursen,1
dozent,1
korrekt,1
versteuern,1
podcast,1
operating,1
costingprofessional,1
2020,1
featured,1
disminuye,1
hogar,1
toolbox,1
module,1
horizon,1
register,1
biotech,1
domain,1
edit,1
students,1
dart,1
depthbuild,1
practicando,1
thinking,1
newbies,1
enhancing,1
views,1
forward,1
warehouse,1
implementing,1
publishing,1
combined,1
traps,1
avoiding,1
restoration,1
retouching,1
hidpi,1
retina,1
norms,1
healthcare,1
buildings,1
remember,1
currencies,1
reformar,1
etoro,1
profesional,1
improvisar,1
flamenca,1
mejores,1
técnicas,1
campo,1
years,1
golf,1
ahora,1
aprender,1
salir,1
casa,1
102,1
worth,1
payments,1
fantásticos,1
retrato,1
insurance,1
while,1
studying,1
mandarin,1
quicklessons,1
iníciate,1
realista,1
ebooks,1
células,1
niveles,1
font,1
bitcoins,1
past,1
present,1
expertos,1
rb,1
cristiana,1
trompeta,1
masteryturn,1
brain,1
encyclopia,1
contrabajo,1
sexto,1
violín,1
catch,1
ritmo,1
moves,1
snippets,1
microdata,1
translation,1
初めてのidraw入門,1
fur,1
transversal,1
clarinete,1
gradual,1
sencilla,1
dulce,1
shark,1
ブルースギター入門,1
eléctrico,1
más,1
maracas,1
bongós,1
congas,1
percusiones,1
querido,1
has,1
siempre,1
saxofón,1
letras,1
personajes,1
si,1
surviving,1
gana,1
técnico,1
authentic,1
nashville,1
ordinary,1
highroi,1
samuel,1
shade,1
co,1
compound,1
sinking,1
splash,1
leisure,1
recap,1
girltoday,1
tutor,1
luz,1
21,1
institution,1
landscape,1
oil,1
colours,1
chop,1
workout,1
problems,1
asianpacific,1
rapido,1
facil,1
guitarsimple,1
chalktalk,1
tarrega,1
sor,1
hard,1
enjoyment,1
cfp,1
exceptional,1
lifecycle,1
backed,1
visually,1
nice,1
tongue,1
schedules,1
written,1
due,1
18,1
textos,1
agua,1
aire,1
nuke,1
composición,1
dynamics,1
curve,1
yield,1
commercial,1
oldtime,1
bend,1
linguagem,1
mop,1
portfolios,1
math,1
pythons,1
19,1
ti,1
trabaje,1
deja,1
blue,1
starting,1
elise,1
eres,1
cpt,1
wow,1
sleek,1
mashup,1
transform,1
scanned,1
opencv,1
vision,1
backbone,1
ipanema,1
gibsons,1
installing,1
registrars,1
notification,1
profitably,1
safely,1
paying,1
mandamientos,1
kickass,1
equipment,1
policies,1
estimates,1
1presentation,1
primary,1
reversals,1
16propertyplant,1
anything,1
pa,1
mockup,1
woogie,1
bloggers,1
aspnetcsscjquery,1
expect,1
175,1
move,1
sharepoint,1
2013,1
seguro,1
filters,1
トレーディングビュー徹底攻略2017年版,1
speaking,1
host,1
financiero,1
manejo,1
sonny,1
breathing,1
terry,1
dazzle,1
fire,1
ad,1
designphotoshop,1
parte,1
mcs,1
mca,1
techiques,1
photoshops,1
specific,1
industry,1
ever,1
demand,1
supply,1
institutional,1
singlepage,1
standard,1
other,1
10k,1
navigate,1
fundamentalsbasics,1
rachael,1
8accounting,1
comps,1
nuevo,1
collage,1
liabilities,1
reharmonization,1
ifric,1
13customer,1
loyalty,1
programmes,1
hostingsharing,1
provisions,1
60mins,1
técnicahttpswwwudemycomaprendeatocarelacordeondeoidoycontecnicatrue25932134beginner,1
level4,1
hours20140916t195145z,1
263432aprende,1
armónica,1
contingents,1
ias37,1
modx,1
executives,1
photoshopeste,1
nº1,1
guarantee,1
discounted,1
ビットコイン生態系既存通貨が主役をやめる日,1
painless,1
nest,1
costperaction,1
egg,1
kit,1
chartered,1
fra,1
supercurso,1
monetizing,1
drives,1
rhythms,1
fasttrack,1
العربية,1
stylised,1
guía,1
práctica,1
comprar,1
acciones,1
باللغة,1
artworks,1
pianoforall,1
10th,1
pixelmator,1
breakeven,1
npv,1
irr,1
vat,1
player,1
candlesticks,1
japanese,1
profittrading,1
grooves,1
drumset,1
hired,1
servlets,1
pianish,1
speak,1
tomar,1
debe,1
guitarrista,1
lecciones,1
us,1
pillars,1
mindblowing,1
manual,1
leverage,1
wisely,1
both,1
arpeggio,1
economy,1
なぞるだけですぐできる,1
簡単手描きイラスト講座,1
neck,1
towards,1
purposes,1
whether,1
wammie,1
dibujo,1
ilustrar,1
rocksolid,1
brands,1
unlock,1
sweep,1
decide,1
pogo,1
h,1
allocation,1
realistisch,1
zeichnen,1
entrepreneur,1
promotion,1
u,1
formerly,1
legato,1
fantail,1
lookup,1
minor,1
slow,1
string,1
vibrato,1
funk,1
リトルギタリストⅱ,1
150,1
hector,1
опционами,1
как,1
заработать,1
на,1
волатильности,1
สรางงานกราฟฟคแอพพลเคชนมอถอดวย,1
garcia,1
wallstreet,1
scrape,1
phantomjs,1
casperjs,1
sistema,1
looper,1
orientation,1
scss,1
uturn,1
pips,1
tiempo,1
mismo,1
baile,1
shift,1
are,1
sub,1
augmented,1
vermögensaufbau,1
aktiver,1
theka,1
keharwa,1
robust,1
bamba,1
valens,1
bulletproof,1
maya,1
rangel,1
trees,1
schriftarten,1
im,1
geschäftsalltag,1
voice,1
abundance,1
yours,1
201,1
typografie,1
breakthroughs,1
espere,1
175pa,1
incluye,1
prezi,1
peer,1
besten,1
webpage,1
similar,1
hold,1
socorro,1
preciso,1
organizar,1
minhas,1
finanças,1
egyptian,1
prepare,1
shortcodes,1
中級者上級者がプロになるために最後に学ぶ超絶技巧テクニック,1
response,1
learnto,1
confidently,1
join,1
revolution,1
generate,1
digit,1
inspirational,1
selections,1
plays,1
intermedio,1
famous,1
thymeleaf,1
flyers,1
recruitment,1
smallcap,1
unit,1
uso,1
azure,1
introducing,1
ionic,1
llevar,1
informatizada,1
30day,1
strums,1
rethinkdb,1
conviértete,1
empresas,1
médias,1
pequenas,1
gestão,1
debugging,1
siete,1
sleep,1
programs,1
crashes,1
internationally,1
shadow,1
acapulco,1
bugfree,1
alejandro,1
paul,1
pinegrow,1
dounbek,1
edm,1
enthusiast,1
collective,1
wisdom,1
finanziellen,1
unabhängigkeit,1
المحاسبة,1
wix,1
للإداريين,1
و,1
غير,1
المحاسبين,1
bagpipe,1
beatles,1
synths,1
caiib,1
invirtiendo,1
expertise,1
earning,1
dollars,1
deserve,1
bestselling,1
tshirts,1
ships,1
fees,1
gospel,1
principiante,1
weighted,1
competition,1
elasticity,1
tritones,1
phat,1
sapui5,1
8currency,1
smashing,1
grail,1
edwin,1
diaz,1
188,1
1year,1
indicator,1
holy,1
auto,1
cccs,1
superheroic,1
explanation,1
roles,1
customizr,1
currencyfair,1
charges,1
pianoforte,1
jouer,1
wealthy,1
head,1
acquired,1
eléctricas,1
guitarras,1
octavación,1
mantenimiento,1
temática,1
fiesta,1
libre,1
vivir,1
calentamiento,1
blurb,1
bookstorequality,1
商業好設計illustrator個性商品設計,1
posterartwork,1
forexopciones,1
gronow,1
cell,1
стренглами,1
jsonbased,1
jedi,1
algorítmico,1
4trial,1
mongoosejs,1
shading,1
premier,1
pump,1
dumps,1
setups,1
well,1
smarter,1
harder,1
дельтанейтральными,1
accountright,1
sketchbook,1
24,1
amount,1
quicker,1
pragmatic,1
lines,1
maximizing,1
creator,1
everybody,1
myob,1
tdd,1
immersive,1
repetitive,1
sheets,1
closures,1
prototypes,1
csscasts,1
libraries,1
fmt,1
uhr,1
weeks,1
wholesale,1
seller,1
verdienen,1
dem,1
ticken,1
toolkit,1
desert,1
mayor,1
electronic,1
ipad,1
tradeonomics,1
auth0,1
28,1
strategy2,1
fogelberg,1
scaling,1
maximise,1
cryptoarbitrager,1
alto,1
inventor,1
autodesk,1
professionelles,1
stunden,1
capitalists,1
attract,1
profis,1
office,1
businessman,1
hipster,1
island,1
forexmarkets,1
nodejsjavascript,1
minute,1
goodwill,1
videojuegos,1
deadly,1
slash,1
serious,1
admin,1
panel,1
primeros,1
ilustracion,1
pasos,1
entiende,1
consigue,1
aumento,1
salario,1
quote,1
armas,1
jee,1
pintar,1
measures,1
digitales,1
5k,1
présentation,1
ténor,1
became,1
changing,1
dispersion,1
selfhosted,1
russian,1
correct,1
charge,1
others,1
fluctuates,1
sensitivity,1
pinterest,1
instagram,1
provided,1
compelling,1
independent,1
chinese,1
visuais,1
101master,1
fingerstyleguitar,1
preparing,1
captcha,1
samp,1
knockout,1
groundup,1
freelancers,1
agencies,1
doble,1
exposición,1
instrumento,1
clases,1
tus,1
mejora,1
enseñando,1
später,1
anlegen,1
monatlich,1
vivo,1
principiantesejemplos,1
greatest,1
drakes,1
recreating,1
gsap,1
memory,1
stylized,1
purchases,1
ilustraciones,1
arte,1
cloudaws,1
protection,1
microframework,1
manipulate,1
import,1
invierte,1
mexicana,1
queries,1
offshore,1
played,1
sleeker,1
vital,1
saints,1
gubernamental,1
méxico,1
pgn,1
slim,1
classics,1
basica,1
club,1
meteorjs,1
monster,1
godj,1
usar,1
content,1
raising,1
leaders,1
chest,1
illustrate,1
uiux,1
eft,1
beautify,1
strengthen,1
treasure,1
pt,1
quiz,1
lightroom,1
editor,1
knowhow,1
tip10分でkawaiiカメレオンを描こう,1
webgl,1
babylonjs,1
supercharging,1
atom,1
handle,1
advan,1
questions,1
ask,1
proyectos,1
webapp,1
brokers,1
teoria,1
intelligent,1
regression,1
xampp,1
pymes,1
niif,1
contables,1
políticas,1
information,1
ma1,1
acceleration,1
mestres,1
23,1
どきどきセミナー,1
ビギナー向け,1
７日でマスター,1
metal,1
accelerate,1
webpages,1
sea,1
shanty,1
demystifying,1
ludovico,1
einaudi,1
mattina,1
adventure,1
off,1
awaken,1
iniciación,1
introduttivo,1
hit,1
dion,1
yang,1
confirm,1
avanzado,1
31,1
profittevole,1
concert,1
adjust,1
obtain,1
movimientos,1
beatmaking,1
escape,1
advertise,1
greats,1
cracking,1
underscorejs,1
additional,1
sos,1
tweaks,1
empresa,1
sesiones,1
prácticas,1
aspiring,1
filmmakers,1
d3js,1
hidden,1
somewhere,1
gratis,1
fits,1
laravel52,1
tweets,1
domina,1
polymer,1
photoshopマスターコース,1
flaws,1
基礎から上級まで,1
ステップバイステップでphotoshopのすべてを学ぼう,1
l2,1
supercourse,1
cuckoo,1
european,1
prácticos,1
instantly,1
devices,1
iphone,1
tags,1
reduction,1
advantaged,1
acierto,1
zerotohero,1
notation,1
automobile,1
lillustration,1
devenez,1
pdo,1
popups,1
overlay,1
loans,1
enormes,1
caza,1
erfolg,1
positioning,1
outstanding,1
creare,1
siemens,1
nx,1
unigraphics,1
ug,1
desktopserver,1
situational,1
locally,1
anywhere,1
daybook,1
feature,1
leyenda,1
canarios,1
interpreting,1
silver,1
650804guitar,1
hours20141030t155939z,1
level25,1
beginnershttpswwwudemycomintroductiontoguitartrue251631156beginner,1
customers,1
second,1
ribbon,1
lumen,1
abilities,1
childs,1
divisas,1
operar,1
spinach,1
strangles,1
deltaneutral,1
discovery,1
promises,1
freude,1
phpajax,1
zf2,1
guitarplay,1
voiceover,1
quality,1
newsletter,1
subscription,1
block,1
spice,1
diagram,1
experiments,1
findtrade,1
عربي,1
spielend,1
klavier,1
encyclopedia,1
６時間でインターバンク市場を攻略最短距離でトレード基礎力,1
endings,1
waterfall,1
waves,1
c6,1
youtube,1
field,1
benefit,1
creativity,1
suite,1
godaddy,1
monkey,1
pic,1
リトルギタリストⅰ,1
winner,1
fulltime,1
20172018,1
