word,frequency
trading,302
forex,166
financial,130
accounting,106
how,97
options,88
learn,86
analysis,74
trade,71
stock,63
course,61
your,60
stocks,57
market,52
investing,52
complete,49
beginners,44
basics,43
finance,43
guide,41
level,39
business,39
introduction,38
cfa,36
strategy,34
technical,32
management,32
1,30
de,30
from,29
bitcoin,28
excel,27
bookkeeping,26
professional,25
build,25
you,24
modeling,23
101,23
capital,23
easy,22
investment,22
advanced,21
strategies,21
robot,20
2,20
statements,20
day,20
trader,20
binary,19
invest,18
profit,18
tax,18
start,17
an,17
i,17
simple,17
ca,17
using,17
futures,16
exams,16
credit,16
en,15
option,15
valuation,15
like,15
system,14
statement,14
2017,14
basic,14
fundamentals,14
steps,14
get,14
made,14
markets,13
equity,13
fund,13
step,13
para,13
part,13
study,13
model,13
value,13
patterns,13
success,13
traders,12
banking,12
beginner,12
master,12
cost,12
online,11
pro,11
la,11
corporate,11
price,11
profits,10
portfolio,10
training,10
income,10
hedge,10
ultimate,10
3,10
10,10
scratch,10
read,9
high,9
economics,9
know,9
2014,9
understanding,9
comprehensive,9
del,9
candlestick,9
concepts,9
create,9
street,9
live,9
cpa,9
successful,9
penny,9
make,9
cs,9
mastering,9
trades,8
fundamental,8
big,8
7,8
risk,8
uk,8
accounts,8
bankers,8
python,8
it,8
chart,8
small,8
account,8
profitable,8
action,8
wall,8
no,8
practical,8
theory,8
understand,8
where,7
returns,7
professionals,7
bolsa,7
retirement,7
contabilidad,7
double,7
4,7
bootcamp,7
investors,7
become,7
bank,7
mit,7
dont,7
plan,7
curso,7
if,7
own,7
fast,7
win,7
consistent,7
wave,7
budgeting,6
debt,6
fx,6
quantitative,6
crowdfunding,6
way,6
funds,6
succeed,6
investor,6
ratio,6
wealth,6
proven,6
intro,6
examples,6
y,6
even,6
securities,6
program,6
5,6
etf,6
work,6
simplified,6
tutorial,6
naked,6
investments,6
real,6
college,6
ias,6
crash,6
is,6
non,5
analyst,5
flow,5
minutes,5
bonds,5
pattern,5
elliott,5
trend,5
startups,5
robots,5
free,5
le,5
pricing,5
news,5
mql4,5
aprende,5
analysts,5
personal,5
secrets,5
first,5
planning,5
quickbooks,5
essentials,5
swing,5
selling,5
quick,5
em,5
reporting,5
ethereum,5
short,5
all,5
find,5
winning,5
working,5
algo,5
hours,5
successfully,5
career,5
fibonacci,5
skills,5
taxes,5
coding,5
books,5
about,5
interest,5
building,5
covered,5
tips,5
basel,5
time,4
avoid,4
every,4
life,4
grow,4
aprenda,4
finanzas,4
budget,4
consistently,4
money,4
introducción,4
etfs,4
entry,4
psychology,4
principles,4
dcf,4
techniques,4
project,4
cma,4
that,4
most,4
any,4
economic,4
better,4
what,4
rookies,4
completo,4
metatrader4,4
more,4
approach,4
best,4
nonfinance,4
mutual,4
call,4
volatility,4
al,4
mindset,4
fixed,4
certificate,4
currency,4
companies,4
mql5,4
dinero,4
balance,4
models,4
6,4
top,4
sap,4
investir,4
spread,4
rsi,4
expert,4
numbers,4
intermediate,4
return,4
as,4
r,4
highfrequency,3
cómo,3
certification,3
el,3
data,3
passive,3
manager,3
analyze,3
du,3
metatrader,3
functions,3
sell,3
businesses,3
prep,3
studies,3
case,3
or,3
today,3
finding,3
smart,3
30,3
class,3
breakout,3
asset,3
ignou,3
venture,3
preparation,3
weekly,3
cash,3
mercado,3
cashflow,3
beat,3
offer,3
bundle,3
power,3
owners,3
estrategias,3
methods,3
blueprint,3
dividend,3
days,3
charting,3
introductory,3
vs,3
collection,3
90,3
do,3
method,3
job,3
probability,3
finanzielle,3
stepbystep,3
indicators,3
revealed,3
ein,3
secret,3
rules,3
powerful,3
geld,3
people,3
funding,3
controls,3
cycle,3
statistics,3
automated,3
zero,3
practice,3
costing,3
charts,3
take,3
commodity,3
inside,3
ratios,3
company,3
public,3
invertir,3
earn,3
overview,3
must,3
not,3
tu,3
derivatives,3
60,3
sheet,3
loss,3
included,3
ganar,3
one,3
bond,3
started,3
literacy,3
à,3
algorithmic,3
mt4,3
living,3
performance,3
be,3
foundations,3
without,3
ações,3
raise,3
modelling,3
will,3
8,3
pay,3
financeira,3
control,3
rate,3
systems,3
three,3
experience,3
macro,3
mastery,3
multiple,3
little,3
wie,3
pick,3
roi,3
use,3
structure,3
moving,3
learning,2
now,2
startup,2
microsoft,2
put,2
condor,2
mining,2
future,2
achieve,2
signals,2
elite,2
deudas,2
becoming,2
bars,2
recipe,2
alternative,2
iniciantes,2
demystified,2
freedom,2
global,2
como,2
eu,2
version,2
filing,2
website,2
should,2
language,2
sector,2
up,2
digital,2
manage,2
busy,2
pas,2
brief,2
advance,2
matters,2
calls,2
maintain,2
principiantes,2
pullback,2
less,2
automate,2
finances,2
als,2
through,2
when,2
inversión,2
crush,2
торговля,2
run,2
interactive,2
tools,2
key,2
levels,2
essential,2
leaps,2
set,2
dashboard,2
com,2
everyone,2
amortization,2
home,2
der,2
análisis,2
l1,2
hacer,2
2016,2
annuities,2
why,2
banks,2
scenario,2
cant,2
estate,2
index,2
butterfly,2
game,2
mba,2
grundlagen,2
con,2
trends,2
broker,2
making,2
coach,2
difficult,2
repair,2
my,2
over,2
ea,2
masterclass,2
accountant,2
hmrc,2
spreads,2
calendar,2
eurgbp,2
gbpusd,2
part1,2
investimento,2
transactions,2
acca,2
at,2
deferred,2
swaps,2
fundraising,2
los,2
mortgage,2
cryptocurrency,2
seasonal,2
growth,2
crystal,2
truths,2
workshop,2
tape,2
crypto,2
revenue,2
true,2
proposal,2
kleinen,2
acquisitions,2
map,2
millionär,2
direction,2
insider,2
werden,2
hedging,2
explained,2
ichimoku,2
app,2
buffett,2
before,2
core,2
massive,2
six,2
academy,2
warren,2
xero,2
properly,2
add,2
accountants,2
gains,2
under,2
passo,2
ifrs,2
powerpoint,2
internal,2
negocios,2
futurescommodity,2
standards,2
forma,2
gold,2
personales,2
series,2
black,2
effective,2
million,2
blockchain,2
hour,2
everyday,2
basi,2
alerts,2
auditing,2
tactics,2
forecasting,2
assessment,2
art,2
gst,2
entrepreneurs,2
financiera,2
appraisal,2
wallet,2
golden,2
during,2
into,2
procedures,2
out,2
operations,2
avec,2
legal,2
protect,2
scam,2
binarias,2
foundation,2
e,2
need,2
institute,2
ten,2
precision,2
usa,2
0,2
emini,2
directional,2
process,2
reconciliation,2
financing,2
position,2
review,2
depreciation,2
opciones,2
lernen,2
structuring,2
sur,2
accountancy,2
instruments,2
primer,2
average,2
ma,2
assets,2
magic,2
four,2
limited,2
الفوركس,2
right,2
great,2
passing,2
basado,2
hacks,2
paper,2
buy,2
managerial,2
ipo,2
loan,2
gemacht,2
can,2
leicht,2
partfull,1
8currency,1
chief,1
invirtiendo,1
immobilien,1
multiply,1
careers,1
elasticity,1
algotech,1
simples,1
aplicadas,1
libre,1
investinghttpswwwudemycommultiplyyourreturnsusingvalueinvestingtrue2019421963all,1
financeiro,1
schritte,1
matemática,1
vivir,1
zur,1
mundo,1
unabhängigkeit3,1
deal,1
solid,1
lifethink,1
cálculo,1
numeracy,1
officer,1
platform,1
المحاسبين,1
caiib,1
forextrade,1
reliable,1
株式投資に向く性格に変えるための心理学を学ぶ,1
insecure,1
straddle,1
ms,1
strong,1
01,1
ether,1
株式投資に必要なスキルの学習手順を学ぶ,1
incredible,1
multiples,1
weighted,1
whats,1
competition,1
contango,1
vxx,1
غير,1
kostenrechnung,1
science,1
و,1
unabhängigkeit2,1
toptrader,1
للإداريين,1
futuro,1
layout,1
companys,1
hoy,1
major,1
backtesting,1
المحاسبة,1
gifts,1
unabhängigkeit,1
finanziellen,1
buchführung,1
white,1
acquired,1
reversal,1
crédito,1
act,1
reliably,1
1872,1
gartley,1
buying,1
concise,1
superpowers,1
pin,1
concessão,1
b,1
análise,1
signal,1
roulette,1
currencies,1
plus,1
converting,1
defeating,1
chance,1
completely,1
charges,1
株式投資で本当のテクニカル分析ができるようになる,1
fico,1
erste,1
eco,1
worlds,1
aka,1
health,1
greeks,1
indian,1
crashing,1
write,1
negotiation,1
stage,1
engine,1
search,1
some,1
retail,1
61,1
02,1
資産運用の基礎を学ぶファイナンス入門,1
projection,1
month,1
contract,1
paradigm,1
visualizing,1
rápida,1
currencyfair,1
eficaz,1
geometry,1
beyond,1
個人事業主向け青色申告の記帳を自力で行うための複式簿記の基本,1
boundaries,1
grail,1
calculate,1
holy,1
grant,1
unabhängigkeit1,1
indicator,1
1year,1
188,1
keep,1
visual,1
wealthy,1
ebay,1
their,1
baraq,1
874284weekly,1
head,1
hours20150723t000833z,1
levels45,1
auto,1
result,1
explanation,1
reveals,1
tudo,1
sobre,1
investimentos,1
renda,1
fixa,1
roles,1
shares,1
protrader,1
text,1
datetime,1
international,1
directionindepend,1
safe,1
株式投資で本当のファンダメンタル分析ができるようになる,1
size,1
práctico,1
casos,1
reales,1
lot,1
14,1
hp12c,1
needs,1
play,1
tesouro,1
equities,1
ideas,1
blowing,1
too,1
learned,1
riskreward,1
sin,1
routine,1
cryptocurrencies,1
sentiment,1
serviços,1
preços,1
formação,1
amazon,1
publication,1
scholes,1
psicología,1
estruturação,1
two,1
احتراف,1
مراحل,1
جميع,1
لتعليم,1
كورس,1
kickstarter,1
lotto,1
private,1
unternehmertum,1
besserem,1
zu,1
finanzwissen,1
einführungskurs,1
funktionieren,1
direto,1
الأخرى,1
help,1
المالية,1
local,1
salary,1
ways,1
zuhause,1
sparen,1
wasser,1
durch,1
mehr,1
energiesparformel,1
api,1
quantopian,1
term,1
features,1
evolution,1
harmoniques,1
courses,1
dark,1
pools,1
inventory,1
والأسواق,1
لسوق,1
التعليمية,1
الدروس,1
guides,1
checklist,1
custos,1
only,1
nos,1
baseado,1
venda,1
valor,1
calculando,1
precificação,1
تداول,1
excelを使ってビジネスシミュレーション基礎編,1
reach,1
goals,1
board,1
updates,1
latest,1
fraud,1
audit,1
executing,1
practices,1
cycles,1
litecoin,1
consolidated,1
カードゲームでカンタンに理解する経済とお金のキホン,1
clients,1
courseinvestment,1
coaching,1
close,1
lanalyse,1
des,1
volumes,1
pitching,1
btc,1
wing,1
broken,1
markest,1
competency,1
journey,1
film,1
audits,1
1a,1
vol,1
scorecard,1
balanced,1
ethics,1
acctg,1
faster,1
route,1
budgets,1
earnings,1
zoho,1
travel,1
innovation,1
innovators,1
important,1
demonstration,1
exploit,1
financière,1
straddles,1
entries,1
amazing,1
channels,1
tiny,1
advantages,1
gestion,1
dentreprise,1
managing,1
legislation,1
altcoins,1
environment,1
dash,1
enterprises,1
medium,1
sauce,1
cheap,1
contabilità,1
iron,1
experiencia,1
requiere,1
valores,1
triunfar,1
generale,1
figures,1
les,1
自分に合った投資信託を見つけよう,1
topic,1
linked,1
thats,1
correlation,1
aufbaust,1
vermögen,1
beträgen,1
auch,1
dir,1
analyzing,1
maximize,1
copytrading,1
und,1
social,1
per,1
signalgeberin,1
ssn,1
mental,1
consultants,1
reportsmasterdetailcrosstabsubreports,1
services,1
averages,1
various,1
gap,1
transfer,1
beginning,1
transformation,1
evaluation,1
weapon,1
indicatora,1
commerce,1
investmentnon,1
projects,1
feasibility,1
erfolgreich,1
friendalgotrend,1
our,1
special,1
me,1
watch,1
leigos,1
correlazione,1
strategia,1
impact,1
countertrend,1
daily,1
الإكتوارية,1
للمهنة,1
الأساسية,1
والمبادئ,1
العلوم,1
engulfing,1
save,1
creation,1
183pa,1
финансовую,1
consolidation,1
财务分析与估值建模入门,1
across,1
バイナリーオプション取引,1
harmonic,1
инженерию,1
в,1
rescue,1
введение,1
sciences,1
profession,1
actuarial,1
savers,1
late,1
regulation,1
es,1
analytics,1
incubator,1
passively,1
front,1
complet,1
marché,1
apprendre,1
depletion,1
unique,1
perfect,1
almost,1
72,1
mergers,1
beautiful,1
timeframe,1
pigs,1
虎の巻証券取引の税金のお悩み解消,1
things,1
masterclassjapanese,1
heiken,1
points,1
musst,1
kennen,1
die,1
konten,1
assetbacked,1
long,1
pivot,1
ashi,1
monitoring,1
implementation,1
design,1
oanda,1
bull,1
et,1
support,1
exit,1
former,1
stop,1
urdu,1
erp,1
tally,1
bankruptcy,1
harassing,1
creditors,1
dinheiro,1
errors,1
seu,1
diagonal,1
１日でマスター今日からはじめる資産形成,1
500,1
fortune,1
growing,1
hindi,1
king,1
firm,1
hero,1
man,1
poor,1
examinations,1
competitive,1
aptitude,1
teetertotter,1
remove,1
really,1
software,1
practicals,1
retrocesos,1
000005,1
ganhe,1
professionally,1
forexopciones,1
pros,1
tradeonomics,1
ออฟชนอยางงาย,1
proposta,1
comunitaria,1
india,1
finish,1
premium,1
97,1
dollar,1
idea,1
unfund,1
file,1
uber,1
lyft,1
drivers,1
สอนเทรดไบนาร,1
intradiario,1
di,1
precio,1
volumen,1
contractors,1
yearend,1
kelly,1
criterion,1
larry,1
williams,1
fun,1
fundraise,1
investiere,1
lienshohe,1
zinsen,1
gesetzl,1
una,1
costruzione,1
goose,1
hacking,1
hot,1
トレーディングビュー徹底攻略2017年版,1
speaking,1
give,1
presentations,1
media,1
service,1
az,1
perform,1
financiero,1
manejo,1
seguro,1
develop,1
cpt,1
seeing,1
explosive,1
picture,1
nadex,1
logrando,1
libertad,1
001,1
13,1
compounding,1
drive,1
productive,1
killing,1
divergence,1
paid,1
las,1
immediate,1
festgeschrieben,1
command,1
senior,1
biz,1
managers,1
labour,1
visualize,1
operating,1
costingprofessional,1
biotech,1
healthcare,1
norms,1
avoiding,1
traps,1
forward,1
looking,1
2015,1
newbies,1
disminuye,1
wages,1
hogar,1
menos,1
días,1
toolbox,1
module,1
horizon,1
2020,1
school,1
students,1
different,1
dart,1
practicando,1
fundamentalslearn,1
abcs,1
versteuern,1
korrekt,1
dozent,1
udemykursen,1
66,1
absolutely,1
owner,1
house,1
fi,1
seed,1
builder,1
coursebuild,1
following,1
marginal,1
diy,1
reduce,1
unpaid,1
federal,1
thru,1
irs,1
compromise,1
law,1
bitesize,1
simulation,1
overheads,1
optimize,1
decisions,1
handson,1
templates,1
source,1
friendly,1
einnahmen,1
aus,1
35,1
mcs,1
mca,1
bitcoins,1
products,1
commercial,1
yield,1
curve,1
dynamics,1
lifecycle,1
backed,1
visually,1
schedules,1
reading,1
18,1
insurance,1
studying,1
mandarin,1
past,1
executives,1
present,1
payments,1
copy,1
etoro,1
events,1
after,1
date,1
102,1
12,1
shark,1
catch,1
moves,1
translation,1
end,1
road,1
linguagem,1
introdução,1
bot,1
institution,1
problems,1
chalktalk,1
asianpacific,1
gana,1
técnico,1
ordinary,1
highroi,1
surviving,1
improve,1
samuel,1
co,1
compound,1
9,1
sinking,1
recap,1
look,1
ninja,1
cfp,1
due,1
immersion,1
deja,1
que,1
trabaje,1
ti,1
math,1
ii,1
portfolios,1
mop,1
ビットコイン生態系既存通貨が主役をやめる日,1
nest,1
techiques,1
mandamientos,1
comps,1
8accounting,1
policies,1
changes,1
estimates,1
1presentation,1
primary,1
reversals,1
16propertyplant,1
equipment,1
expect,1
175,1
pa,1
15,1
email,1
egg,1
sound,1
notification,1
profitably,1
fundamentalsbasics,1
navigate,1
10k,1
other,1
reports,1
standard,1
institutional,1
supply,1
demand,1
specific,1
definitive,1
vat,1
irr,1
npv,1
breakeven,1
chartered,1
fra,1
monetizing,1
costperaction,1
ias37,1
provisions,1
contingents,1
liabilities,1
ifric,1
13customer,1
loyalty,1
programmes,1
collage,1
60mins,1
rhythms,1
fasttrack,1
pillars,1
we,1
us,1
hired,1
profittrading,1
japanese,1
candlesticks,1
guía,1
práctica,1
comprar,1
acciones,1
via,1
vps,1
compare,1
land,1
toolkit,1
espere,1
finanças,1
hold,1
prepare,1
confidence,1
learnto,1
improved,1
confidently,1
join,1
revolution,1
presentation,1
book,1
abundance,1
craft,1
yours,1
175pa,1
organizar,1
incluye,1
peer,1
generate,1
digit,1
acapulco,1
shadow,1
internationally,1
effectively,1
crashes,1
programs,1
sleep,1
gestão,1
pequenas,1
médias,1
minhas,1
preciso,1
ball,1
hidden,1
sesiones,1
prácticas,1
additional,1
corso,1
introduttivo,1
profittevole,1
adventure,1
off,1
awaken,1
demystifying,1
iniciación,1
avanzado,1
filmmakers,1
fix,1
flaws,1
socorro,1
loans,1
self,1
world,1
accuracy,1
acierto,1
advantaged,1
reduction,1
developing,1
writing,1
fits,1
l2,1
cuckoo,1
european,1
forexmarkets,1
empresas,1
plays,1
recruitment,1
results,1
accountright,1
premier,1
дельтанейтральными,1
стренглами,1
algorítmico,1
crea,1
4trial,1
pump,1
dumps,1
setups,1
well,1
integrated,1
smarter,1
harder,1
fmt,1
smallcap,1
super,1
fastest,1
attract,1
capitalists,1
cryptoarbitrager,1
optimizing,1
maximise,1
strategy2,1
weeks,1
verdienen,1
dem,1
ticken,1
uhr,1
starter,1
myob,1
its,1
maximizing,1
amount,1
llevar,1
informatizada,1
pogo,1
bulletproof,1
allocation,1
exam,1
u,1
h,1
lookup,1
decide,1
whether,1
wammie,1
unlock,1
wallstreet,1
programming,1
robust,1
aktiver,1
vermögensaufbau,1
apply,1
pips,1
uturn,1
опционами,1
как,1
заработать,1
на,1
волатильности,1
hector,1
garcia,1
unlimited,1
empresa,1
tweaks,1
sos,1
ma1,1
usar,1
raising,1
club,1
leaders,1
eft,1
invierte,1
mexicana,1
protection,1
offshore,1
this,1
gubernamental,1
méxico,1
acceleration,1
z,1
information,1
5k,1
crear,1
políticas,1
contables,1
bajo,1
niif,1
pymes,1
linear,1
regression,1
intelligent,1
handle,1
questions,1
ask,1
brokers,1
amazons,1
dynamic,1
wisely,1
leverage,1
manual,1
foresee,1
conoce,1
lenguaje,1
huge,1
beginnersreal,1
taught,1
superinvestors,1
fall,1
matlab,1
wfatoolbox,1
gui,1
billionaire,1
principle,1
determining,1
triple,1
bottom,1
line,1
score,1
800,1
fa1,1
recording,1
season,1
leasing,1
managerspaper,1
ms04,1
common,1
sense,1
predict,1
corporation,1
aws,1
challenge,1
obtain,1
daybook,1
preparing,1
low,1
adjust,1
deltaneutral,1
strangles,1
desde,1
cero,1
operar,1
divisas,1
let,1
customers,1
fundamentos,1
interpreting,1
next,1
detailed,1
became,1
situational,1
fulltime,1
transition,1
five,1
winner,1
６時間でインターバンク市場を攻略最短距離でトレード基礎力,1
encyclopedia,1
findtrade,1
arabic,1
عربي,1
caza,1
enormes,1
movimientos,1
escape,1
101master,1
chinese,1
independent,1
tricks,1
rich,1
changing,1
measures,1
dispersion,1
russian,1
fluctuates,1
sensitivity,1
deadly,1
mistakes,1
slash,1
serious,1
goodwill,1
entiende,1
consigue,1
un,1
aumento,1
salario,1
samp,1
sales,1
purchases,1
history,1
track,1
principiantesejemplos,1
vivo,1
monatlich,1
anlegen,1
für,1
später,1
departments,1
eth,1
